target_date,actual,prediction,model,fold
2024-03-23,0.6666666666666666,1.093850552096929,Random forest (S2),1
2024-03-25,1.46875,1.176187371834133,Random forest (S2),1
2024-03-26,1.2972972972972974,1.2649988594430128,Random forest (S2),1
2024-03-28,1.15625,1.1567814404502195,Random forest (S2),1
2024-03-30,1.3225806451612905,1.1102418006860266,Random forest (S2),1
2024-03-31,0.9117647058823528,1.0500021041134375,Random forest (S2),1
2024-04-02,1.4,1.217446663046442,Random forest (S2),1
2024-04-04,0.6829268292682927,1.1528374380089288,Random forest (S2),1
2024-04-05,1.2432432432432432,1.1949777324251083,Random forest (S2),1
2024-04-07,0.7631578947368421,1.0580440376047962,Random forest (S2),1
2024-04-09,1.048780487804878,1.221568756789171,Random forest (S2),1
2024-04-10,1.0526315789473684,1.22813624007938,Random forest (S2),1
2024-04-12,1.1714285714285717,1.1866842845410324,Random forest (S2),1
2024-04-14,1.15625,1.0622402273276883,Random forest (S2),1
2024-04-15,1.393939393939394,1.186249629671392,Random forest (S2),1
2024-04-17,1.4166666666666667,1.1778806772356722,Random forest (S2),1
2024-04-19,1.0476190476190477,1.1936524767141514,Random forest (S2),1
2024-04-20,0.8947368421052632,1.0557037023125235,Random forest (S2),1
2024-04-22,1.0909090909090908,1.200850178154018,Random forest (S2),1
2024-04-24,1.4324324324324325,1.2163674088753358,Random forest (S2),1
2024-04-25,1.0,1.1827055809357017,Random forest (S2),1
2024-04-27,1.0,1.0561304101823512,Random forest (S2),1
2024-04-29,1.4047619047619049,1.1333295345095902,Random forest (S2),1
2024-05-01,1.3870967741935485,1.2319006816076734,Random forest (S2),1
2024-05-02,0.9743589743589745,1.095875315720932,Random forest (S2),1
2024-05-04,1.2352941176470589,1.087437725370497,Random forest (S2),1
2024-05-06,1.5757575757575757,1.256989877498937,Random forest (S2),1
2024-05-07,1.3888888888888888,1.1792889730901794,Random forest (S2),1
2024-05-09,1.2285714285714286,1.1034969850503997,Random forest (S2),1
2024-05-11,1.0,1.132999202721327,Random forest (S2),1
2024-05-12,0.7142857142857143,1.059641880641006,Random forest (S2),1
2024-05-14,1.302325581395349,1.2786923368331902,Random forest (S2),1
2024-05-16,1.2571428571428571,1.2403260931913658,Random forest (S2),1
2024-05-17,1.0465116279069768,1.2308981403655954,Random forest (S2),1
2024-05-19,1.0277777777777777,1.0660946952989865,Random forest (S2),1
2024-05-21,1.3636363636363635,1.234098870752796,Random forest (S2),1
2024-05-22,1.3846153846153846,1.2017062966741794,Random forest (S2),1
2024-05-24,0.8536585365853658,1.1299440869254158,Random forest (S2),1
2024-05-26,0.5609756097560976,1.0620282254009559,Random forest (S2),1
2024-05-27,1.351351351351351,1.2640995913346702,Random forest (S2),1
2024-05-29,0.7045454545454546,1.2364314548297823,Random forest (S2),1
2024-05-31,1.25,1.1474606330421868,Random forest (S2),1
2024-06-01,1.0256410256410255,1.1249007694687752,Random forest (S2),1
2024-06-03,1.0526315789473684,1.2649330554445886,Random forest (S2),1
2024-06-04,1.3,1.255142693393785,Random forest (S2),2
2024-06-06,1.4285714285714286,1.112898702541646,Random forest (S2),2
2024-06-07,1.7741935483870968,1.123558650150668,Random forest (S2),2
2024-06-09,1.09375,0.9785783041218433,Random forest (S2),2
2024-06-11,1.6923076923076923,1.135775897605162,Random forest (S2),2
2024-06-12,1.1,1.105777792343321,Random forest (S2),2
2024-06-14,1.1794871794871795,1.1087364867211922,Random forest (S2),2
2024-06-16,0.8611111111111112,0.9634754896628335,Random forest (S2),2
2024-06-17,1.3636363636363635,1.1821532695024544,Random forest (S2),2
2024-06-19,1.3333333333333333,1.2110327649264907,Random forest (S2),2
2024-06-21,1.394736842105263,1.0498322588079638,Random forest (S2),2
2024-06-22,1.1515151515151516,0.9795969191132707,Random forest (S2),2
2024-06-24,0.8918918918918919,1.1609417627032026,Random forest (S2),2
2024-06-25,1.3142857142857145,1.1430379796101682,Random forest (S2),2
2024-06-27,1.1142857142857143,1.1332992555074015,Random forest (S2),2
2024-06-29,1.25,1.1576030440945289,Random forest (S2),2
2024-06-30,0.9117647058823528,1.061201537920938,Random forest (S2),2
2024-07-02,1.3095238095238095,1.221116322257014,Random forest (S2),2
2024-07-04,1.375,1.0242613769289106,Random forest (S2),2
2024-07-05,1.0,1.029278592281827,Random forest (S2),2
2024-07-07,0.8484848484848485,0.9687244458562135,Random forest (S2),2
2024-07-09,1.5135135135135136,1.1318239853266308,Random forest (S2),2
2024-07-10,0.902439024390244,1.0977368239717302,Random forest (S2),2
2024-07-12,1.5294117647058822,1.0343911801683343,Random forest (S2),2
2024-07-14,0.5666666666666667,0.9210320947409633,Random forest (S2),2
2024-07-15,1.4444444444444444,1.1628801761182377,Random forest (S2),2
2024-07-17,0.7317073170731707,1.1025127758033033,Random forest (S2),2
2024-07-19,1.15,1.2415032231874872,Random forest (S2),2
2024-07-20,1.2727272727272727,1.1362912219060923,Random forest (S2),2
2024-07-22,1.1794871794871795,1.2412701205044914,Random forest (S2),2
2024-07-24,1.8333333333333333,1.186949426763032,Random forest (S2),2
2024-07-25,0.8,1.0815659648944058,Random forest (S2),2
2024-07-27,1.1515151515151516,1.1654213980580503,Random forest (S2),2
2024-07-28,0.7222222222222222,1.060435451939081,Random forest (S2),2
2024-07-30,1.2702702702702702,1.1830885556154278,Random forest (S2),2
2024-08-01,0.9302325581395348,1.1283955352136723,Random forest (S2),2
2024-08-02,0.9,1.1690085676576247,Random forest (S2),2
2024-08-04,0.75,1.0552243231942755,Random forest (S2),2
2024-08-06,1.3636363636363635,1.210615794303851,Random forest (S2),2
2024-08-07,1.0526315789473684,1.1956008378112075,Random forest (S2),2
2024-08-09,0.945945945945946,1.1031633621083035,Random forest (S2),2
2024-08-11,0.6060606060606061,1.072620901894033,Random forest (S2),2
2024-08-12,0.9285714285714286,1.254463784845792,Random forest (S2),2
2024-08-14,1.3421052631578947,1.2324094705505046,Random forest (S2),2
2024-08-15,1.870967741935484,1.2224482443903604,Random forest (S2),3
2024-08-16,1.4,1.0815427886183728,Random forest (S2),3
2024-08-17,1.3421052631578947,0.9704779496135615,Random forest (S2),3
2024-08-18,1.0,0.8395361440716833,Random forest (S2),3
2024-08-19,1.1666666666666667,1.08642367331163,Random forest (S2),3
2024-08-20,1.2894736842105263,1.2493508172962133,Random forest (S2),3
2024-08-21,1.236842105263158,1.236616178262127,Random forest (S2),3
2024-08-22,1.0731707317073171,1.1366789280924148,Random forest (S2),3
2024-08-23,1.2857142857142858,1.1721362426000992,Random forest (S2),3
2024-08-24,1.1,1.1198616870616127,Random forest (S2),3
2024-08-25,0.5294117647058824,0.9102043242713027,Random forest (S2),3
2024-08-26,1.0606060606060606,1.188098351588122,Random forest (S2),3
2024-08-27,1.3333333333333333,1.2605037020845025,Random forest (S2),3
2024-08-28,1.5357142857142858,1.2101494393940175,Random forest (S2),3
2024-08-29,0.9444444444444444,1.1426533251898428,Random forest (S2),3
2024-08-30,1.0714285714285714,1.1514685516464644,Random forest (S2),3
2024-08-31,0.972972972972973,1.1090939565385622,Random forest (S2),3
2024-09-01,0.575,0.8954955580717163,Random forest (S2),3
2024-09-02,1.0,1.2390005449015893,Random forest (S2),3
2024-09-03,1.53125,1.2808319679452622,Random forest (S2),3
2024-09-04,0.8809523809523809,1.2304438769534731,Random forest (S2),3
2024-09-05,1.3783783783783785,1.1880130387313605,Random forest (S2),3
2024-09-06,0.918918918918919,1.194900115777656,Random forest (S2),3
2024-09-07,0.9393939393939394,1.1060742917797026,Random forest (S2),3
2024-09-08,1.027027027027027,0.8984113971470207,Random forest (S2),3
2024-09-09,1.3333333333333333,1.218219707887075,Random forest (S2),3
2024-09-10,1.0975609756097562,1.2685572846854243,Random forest (S2),3
2024-09-11,1.0217391304347827,1.186347055945499,Random forest (S2),3
2024-09-12,0.7692307692307693,1.2185493688838165,Random forest (S2),3
2024-09-13,1.4,1.1500971564880917,Random forest (S2),3
2024-09-14,1.2413793103448276,1.1028840344813924,Random forest (S2),3
2024-09-15,0.6875,0.948335078207568,Random forest (S2),3
2024-09-16,1.1666666666666667,1.2371146286708448,Random forest (S2),3
2024-09-17,0.8235294117647058,1.2990774732561121,Random forest (S2),3
2024-09-18,1.3333333333333333,1.289774881484191,Random forest (S2),3
2024-09-19,0.8461538461538461,1.107838809295609,Random forest (S2),3
2024-09-20,0.8571428571428571,1.2045127309608896,Random forest (S2),3
2024-09-21,0.8611111111111112,1.1600376593596384,Random forest (S2),3
2024-09-22,1.0,0.9528637014675232,Random forest (S2),3
2024-09-23,1.3243243243243243,1.2851630158682577,Random forest (S2),3
2024-09-24,1.4285714285714286,1.2429660299218406,Random forest (S2),3
2024-09-25,1.2285714285714286,1.2576153042621416,Random forest (S2),3
2024-09-26,0.7894736842105263,1.0792195515114713,Random forest (S2),3
2024-09-27,1.131578947368421,1.0902897655635877,Random forest (S2),3
2024-09-28,0.75,0.9873831815725618,Random forest (S2),4
2024-09-29,0.8157894736842105,0.8562006908102606,Random forest (S2),4
2024-09-30,1.0731707317073171,1.18174898769814,Random forest (S2),4
2024-10-01,1.5588235294117647,1.240335989724486,Random forest (S2),4
2024-10-02,0.8461538461538461,1.140356893341634,Random forest (S2),4
2024-10-03,0.6857142857142857,1.1828462122488825,Random forest (S2),4
2024-10-04,1.0526315789473684,1.1931108400634607,Random forest (S2),4
2024-10-05,0.9487179487179488,1.0882218724009844,Random forest (S2),4
2024-10-06,0.6486486486486487,0.9136594631980415,Random forest (S2),4
2024-10-07,0.9777777777777776,1.249996096173023,Random forest (S2),4
2024-10-08,1.261904761904762,1.2729765133613773,Random forest (S2),4
2024-10-09,0.975609756097561,1.2042856168557663,Random forest (S2),4
2024-10-10,1.051282051282051,1.1187301776534775,Random forest (S2),4
2024-10-11,0.8604651162790697,1.2059855425589334,Random forest (S2),4
2024-10-12,1.09375,1.1060168230458658,Random forest (S2),4
2024-10-13,0.6341463414634146,0.8992893001348594,Random forest (S2),4
2024-10-14,1.3529411764705883,1.2538242915898183,Random forest (S2),4
2024-10-15,0.9428571428571428,1.1970049160721943,Random forest (S2),4
2024-10-16,0.9230769230769232,1.2917155337424675,Random forest (S2),4
2024-10-17,0.975609756097561,1.155793529150505,Random forest (S2),4
2024-10-18,1.1515151515151516,1.159692115458556,Random forest (S2),4
2024-10-19,1.1428571428571428,1.0805456393805923,Random forest (S2),4
2024-10-20,0.5405405405405406,0.8995759512690416,Random forest (S2),4
2024-10-21,0.8333333333333334,1.2551703348332508,Random forest (S2),4
2024-10-22,0.975,1.3026673346093465,Random forest (S2),4
2024-10-23,0.8125,1.2850094319007033,Random forest (S2),4
2024-10-24,0.9736842105263158,1.206296407321128,Random forest (S2),4
2024-10-25,1.2571428571428571,1.2160222490870145,Random forest (S2),4
2024-10-26,1.0,1.114860669338698,Random forest (S2),4
2024-10-27,1.0277777777777777,0.8918970442609696,Random forest (S2),4
2024-10-28,1.2352941176470589,1.2410215706785612,Random forest (S2),4
2024-10-29,1.3157894736842106,1.248598020107456,Random forest (S2),4
2024-10-30,1.131578947368421,1.0965139876829362,Random forest (S2),4
2024-10-31,1.1666666666666667,1.0500675311499548,Random forest (S2),4
2024-11-01,0.6976744186046512,1.1188323127240154,Random forest (S2),4
2024-11-02,1.2285714285714286,1.0407441376845719,Random forest (S2),4
2024-11-03,0.7027027027027027,0.8584207746408392,Random forest (S2),4
2024-11-04,1.051282051282051,1.201402411487337,Random forest (S2),4
2024-11-05,1.65,1.2599661689742132,Random forest (S2),4
2024-11-06,1.0731707317073171,1.1336726524490328,Random forest (S2),4
2024-11-07,1.2894736842105263,1.1105367142547118,Random forest (S2),4
2024-11-08,1.425,1.0026147054341412,Random forest (S2),4
2024-11-09,1.0857142857142856,1.1024475127779843,Random forest (S2),4
2024-11-10,0.95,0.8544195680794602,Random forest (S2),4
2024-11-11,1.125,1.178379943804821,Random forest (S2),5
2024-11-12,0.9285714285714286,1.1916258366092016,Random forest (S2),5
2024-11-13,1.5,1.1426988413239565,Random forest (S2),5
2024-11-14,1.2352941176470589,1.1495336646474912,Random forest (S2),5
2024-11-15,1.15,1.1393646894278544,Random forest (S2),5
2024-11-16,0.896551724137931,1.0892084374299278,Random forest (S2),5
2024-11-17,0.6666666666666666,0.8185271260908543,Random forest (S2),5
2024-11-18,1.0,1.1904132331297987,Random forest (S2),5
2024-11-19,1.3714285714285714,1.181017178948804,Random forest (S2),5
2024-11-20,1.5,1.1676847816573799,Random forest (S2),5
2024-11-21,1.1470588235294117,1.1114174393158105,Random forest (S2),5
2024-11-22,1.1142857142857143,1.1433012585748303,Random forest (S2),5
2024-11-23,0.8857142857142857,1.0828587148752251,Random forest (S2),5
2024-11-24,0.8857142857142857,0.8392113545123827,Random forest (S2),5
2024-11-25,1.2571428571428571,1.1725068707556676,Random forest (S2),5
2024-11-26,1.2222222222222223,1.2398765343617297,Random forest (S2),5
2024-11-27,1.2777777777777777,1.1744100896648628,Random forest (S2),5
2024-11-28,1.0930232558139534,1.1218490107016463,Random forest (S2),5
2024-11-29,1.2777777777777777,1.1054007037829643,Random forest (S2),5
2024-11-30,0.6578947368421053,1.0904119271765367,Random forest (S2),5
2024-12-01,0.7714285714285715,0.8138537067749316,Random forest (S2),5
2024-12-02,0.9714285714285714,1.1795783203178254,Random forest (S2),5
2024-12-03,1.59375,1.2597148211417344,Random forest (S2),5
2024-12-04,1.53125,1.1475390057441737,Random forest (S2),5
2024-12-05,1.121212121212121,1.1675434734216998,Random forest (S2),5
2024-12-06,1.105263157894737,1.186859648834226,Random forest (S2),5
2024-12-07,0.925,1.0882639444165407,Random forest (S2),5
2024-12-08,0.9032258064516128,0.8259512856534643,Random forest (S2),5
2024-12-09,0.9714285714285714,1.1749288814314178,Random forest (S2),5
2024-12-10,1.818181818181818,1.228387321588381,Random forest (S2),5
2024-12-11,1.0,1.1776526953337338,Random forest (S2),5
2024-12-12,0.925,1.163590714332263,Random forest (S2),5
2024-12-13,1.2777777777777777,1.1732909338492532,Random forest (S2),5
2024-12-14,0.7837837837837838,1.0676125981839089,Random forest (S2),5
2024-12-15,0.5714285714285714,0.8349312026284972,Random forest (S2),5
2024-12-16,0.6842105263157895,1.193794226423921,Random forest (S2),5
2024-12-17,1.457142857142857,1.2432773679314069,Random forest (S2),5
2024-12-18,0.8421052631578947,1.1815006703198971,Random forest (S2),5
2024-12-19,1.411764705882353,1.1400508986430895,Random forest (S2),5
2024-12-20,0.8947368421052632,1.1734927306695906,Random forest (S2),5
2024-12-21,0.8205128205128205,1.1135947346121529,Random forest (S2),5
2024-12-22,1.1515151515151516,0.8809321643988207,Random forest (S2),5
2024-12-23,1.0789473684210529,1.1752052388633643,Random forest (S2),5
2024-12-24,1.4054054054054057,1.239389192256799,Random forest (S2),5
2024-03-23,0.6666666666666666,0.9987470507621765,XGBoost (S2),1
2024-03-25,1.46875,1.1755999326705933,XGBoost (S2),1
2024-03-26,1.2972972972972974,1.3736554384231567,XGBoost (S2),1
2024-03-28,1.15625,1.1844804286956787,XGBoost (S2),1
2024-03-30,1.3225806451612905,1.0704967975616455,XGBoost (S2),1
2024-03-31,0.9117647058823528,1.0031464099884033,XGBoost (S2),1
2024-04-02,1.4,1.1678260564804077,XGBoost (S2),1
2024-04-04,0.6829268292682927,1.094427466392517,XGBoost (S2),1
2024-04-05,1.2432432432432432,1.1382559537887573,XGBoost (S2),1
2024-04-07,0.7631578947368421,1.0375930070877075,XGBoost (S2),1
2024-04-09,1.048780487804878,1.1987687349319458,XGBoost (S2),1
2024-04-10,1.0526315789473684,1.228977918624878,XGBoost (S2),1
2024-04-12,1.1714285714285717,1.2116981744766235,XGBoost (S2),1
2024-04-14,1.15625,1.0629048347473145,XGBoost (S2),1
2024-04-15,1.393939393939394,1.2876609563827515,XGBoost (S2),1
2024-04-17,1.4166666666666667,1.2619009017944336,XGBoost (S2),1
2024-04-19,1.0476190476190477,1.2107243537902832,XGBoost (S2),1
2024-04-20,0.8947368421052632,0.9626259803771973,XGBoost (S2),1
2024-04-22,1.0909090909090908,1.1623269319534302,XGBoost (S2),1
2024-04-24,1.4324324324324325,1.3668638467788696,XGBoost (S2),1
2024-04-25,1.0,1.2525684833526611,XGBoost (S2),1
2024-04-27,1.0,0.97154301404953,XGBoost (S2),1
2024-04-29,1.4047619047619049,1.1603176593780518,XGBoost (S2),1
2024-05-01,1.3870967741935485,1.23085355758667,XGBoost (S2),1
2024-05-02,0.9743589743589745,1.0150617361068726,XGBoost (S2),1
2024-05-04,1.2352941176470589,0.9651811718940735,XGBoost (S2),1
2024-05-06,1.5757575757575757,1.2640517950057983,XGBoost (S2),1
2024-05-07,1.3888888888888888,1.1089389324188232,XGBoost (S2),1
2024-05-09,1.2285714285714286,0.9951414465904236,XGBoost (S2),1
2024-05-11,1.0,1.1163620948791504,XGBoost (S2),1
2024-05-12,0.7142857142857143,0.9628545045852661,XGBoost (S2),1
2024-05-14,1.302325581395349,1.439489483833313,XGBoost (S2),1
2024-05-16,1.2571428571428571,1.4138437509536743,XGBoost (S2),1
2024-05-17,1.0465116279069768,1.3262355327606201,XGBoost (S2),1
2024-05-19,1.0277777777777777,1.0114850997924805,XGBoost (S2),1
2024-05-21,1.3636363636363635,1.32976233959198,XGBoost (S2),1
2024-05-22,1.3846153846153846,1.1747870445251465,XGBoost (S2),1
2024-05-24,0.8536585365853658,1.0023164749145508,XGBoost (S2),1
2024-05-26,0.5609756097560976,0.930850088596344,XGBoost (S2),1
2024-05-27,1.351351351351351,1.327003836631775,XGBoost (S2),1
2024-05-29,0.7045454545454546,1.3060270547866821,XGBoost (S2),1
2024-05-31,1.25,1.1167796850204468,XGBoost (S2),1
2024-06-01,1.0256410256410255,1.1005244255065918,XGBoost (S2),1
2024-06-03,1.0526315789473684,1.3292499780654907,XGBoost (S2),1
2024-06-04,1.3,1.1324313879013062,XGBoost (S2),2
2024-06-06,1.4285714285714286,1.0254433155059814,XGBoost (S2),2
2024-06-07,1.7741935483870968,1.1669756174087524,XGBoost (S2),2
2024-06-09,1.09375,1.032732367515564,XGBoost (S2),2
2024-06-11,1.6923076923076923,1.0846751928329468,XGBoost (S2),2
2024-06-12,1.1,0.9697890877723694,XGBoost (S2),2
2024-06-14,1.1794871794871795,1.0844281911849976,XGBoost (S2),2
2024-06-16,0.8611111111111112,0.9462747573852539,XGBoost (S2),2
2024-06-17,1.3636363636363635,1.1251908540725708,XGBoost (S2),2
2024-06-19,1.3333333333333333,1.206662654876709,XGBoost (S2),2
2024-06-21,1.394736842105263,0.92649906873703,XGBoost (S2),2
2024-06-22,1.1515151515151516,0.9034205675125122,XGBoost (S2),2
2024-06-24,0.8918918918918919,0.9903085231781006,XGBoost (S2),2
2024-06-25,1.3142857142857145,1.0484004020690918,XGBoost (S2),2
2024-06-27,1.1142857142857143,1.1674315929412842,XGBoost (S2),2
2024-06-29,1.25,1.252194881439209,XGBoost (S2),2
2024-06-30,0.9117647058823528,1.1454864740371704,XGBoost (S2),2
2024-07-02,1.3095238095238095,1.2824230194091797,XGBoost (S2),2
2024-07-04,1.375,0.8706441521644592,XGBoost (S2),2
2024-07-05,1.0,1.053646445274353,XGBoost (S2),2
2024-07-07,0.8484848484848485,0.9276360869407654,XGBoost (S2),2
2024-07-09,1.5135135135135136,1.0675626993179321,XGBoost (S2),2
2024-07-10,0.902439024390244,0.9575928449630737,XGBoost (S2),2
2024-07-12,1.5294117647058822,0.9654675126075745,XGBoost (S2),2
2024-07-14,0.5666666666666667,0.8522441387176514,XGBoost (S2),2
2024-07-15,1.4444444444444444,1.0369962453842163,XGBoost (S2),2
2024-07-17,0.7317073170731707,1.0048166513442993,XGBoost (S2),2
2024-07-19,1.15,1.2199536561965942,XGBoost (S2),2
2024-07-20,1.2727272727272727,1.117403268814087,XGBoost (S2),2
2024-07-22,1.1794871794871795,1.2019261121749878,XGBoost (S2),2
2024-07-24,1.8333333333333333,1.1597565412521362,XGBoost (S2),2
2024-07-25,0.8,0.9827960729598999,XGBoost (S2),2
2024-07-27,1.1515151515151516,1.2102959156036377,XGBoost (S2),2
2024-07-28,0.7222222222222222,1.0135656595230103,XGBoost (S2),2
2024-07-30,1.2702702702702702,1.1720373630523682,XGBoost (S2),2
2024-08-01,0.9302325581395348,1.2046903371810913,XGBoost (S2),2
2024-08-02,0.9,1.2757110595703125,XGBoost (S2),2
2024-08-04,0.75,1.1200385093688965,XGBoost (S2),2
2024-08-06,1.3636363636363635,1.2621694803237915,XGBoost (S2),2
2024-08-07,1.0526315789473684,1.2409977912902832,XGBoost (S2),2
2024-08-09,0.945945945945946,1.1797332763671875,XGBoost (S2),2
2024-08-11,0.6060606060606061,1.1300667524337769,XGBoost (S2),2
2024-08-12,0.9285714285714286,1.1513162851333618,XGBoost (S2),2
2024-08-14,1.3421052631578947,1.205901026725769,XGBoost (S2),2
2024-08-15,1.870967741935484,1.3383182287216187,XGBoost (S2),3
2024-08-16,1.4,0.9505954384803772,XGBoost (S2),3
2024-08-17,1.3421052631578947,0.8248928785324097,XGBoost (S2),3
2024-08-18,1.0,0.8452190160751343,XGBoost (S2),3
2024-08-19,1.1666666666666667,1.0829325914382935,XGBoost (S2),3
2024-08-20,1.2894736842105263,1.3388118743896484,XGBoost (S2),3
2024-08-21,1.236842105263158,1.3274335861206055,XGBoost (S2),3
2024-08-22,1.0731707317073171,1.152031660079956,XGBoost (S2),3
2024-08-23,1.2857142857142858,1.260357141494751,XGBoost (S2),3
2024-08-24,1.1,1.111509919166565,XGBoost (S2),3
2024-08-25,0.5294117647058824,0.8577345013618469,XGBoost (S2),3
2024-08-26,1.0606060606060606,1.2064738273620605,XGBoost (S2),3
2024-08-27,1.3333333333333333,1.3397749662399292,XGBoost (S2),3
2024-08-28,1.5357142857142858,1.2203987836837769,XGBoost (S2),3
2024-08-29,0.9444444444444444,1.1092087030410767,XGBoost (S2),3
2024-08-30,1.0714285714285714,1.129067301750183,XGBoost (S2),3
2024-08-31,0.972972972972973,1.1283762454986572,XGBoost (S2),3
2024-09-01,0.575,0.8371318578720093,XGBoost (S2),3
2024-09-02,1.0,1.238513469696045,XGBoost (S2),3
2024-09-03,1.53125,1.2288379669189453,XGBoost (S2),3
2024-09-04,0.8809523809523809,1.1391884088516235,XGBoost (S2),3
2024-09-05,1.3783783783783785,1.1980485916137695,XGBoost (S2),3
2024-09-06,0.918918918918919,1.281473994255066,XGBoost (S2),3
2024-09-07,0.9393939393939394,1.1296560764312744,XGBoost (S2),3
2024-09-08,1.027027027027027,0.9101991057395935,XGBoost (S2),3
2024-09-09,1.3333333333333333,1.2601478099822998,XGBoost (S2),3
2024-09-10,1.0975609756097562,1.306902527809143,XGBoost (S2),3
2024-09-11,1.0217391304347827,1.2127556800842285,XGBoost (S2),3
2024-09-12,0.7692307692307693,1.3234102725982666,XGBoost (S2),3
2024-09-13,1.4,1.2306376695632935,XGBoost (S2),3
2024-09-14,1.2413793103448276,1.1620829105377197,XGBoost (S2),3
2024-09-15,0.6875,0.9317148923873901,XGBoost (S2),3
2024-09-16,1.1666666666666667,1.241890549659729,XGBoost (S2),3
2024-09-17,0.8235294117647058,1.4617513418197632,XGBoost (S2),3
2024-09-18,1.3333333333333333,1.361129641532898,XGBoost (S2),3
2024-09-19,0.8461538461538461,1.1103062629699707,XGBoost (S2),3
2024-09-20,0.8571428571428571,1.1901377439498901,XGBoost (S2),3
2024-09-21,0.8611111111111112,1.2600888013839722,XGBoost (S2),3
2024-09-22,1.0,1.0476573705673218,XGBoost (S2),3
2024-09-23,1.3243243243243243,1.3237674236297607,XGBoost (S2),3
2024-09-24,1.4285714285714286,1.4316812753677368,XGBoost (S2),3
2024-09-25,1.2285714285714286,1.2973603010177612,XGBoost (S2),3
2024-09-26,0.7894736842105263,1.2160277366638184,XGBoost (S2),3
2024-09-27,1.131578947368421,1.0852625370025635,XGBoost (S2),3
2024-09-28,0.75,0.9042569994926453,XGBoost (S2),4
2024-09-29,0.8157894736842105,0.7388409972190857,XGBoost (S2),4
2024-09-30,1.0731707317073171,1.1745798587799072,XGBoost (S2),4
2024-10-01,1.5588235294117647,1.3038655519485474,XGBoost (S2),4
2024-10-02,0.8461538461538461,1.29014253616333,XGBoost (S2),4
2024-10-03,0.6857142857142857,1.343369483947754,XGBoost (S2),4
2024-10-04,1.0526315789473684,1.253374695777893,XGBoost (S2),4
2024-10-05,0.9487179487179488,1.163446307182312,XGBoost (S2),4
2024-10-06,0.6486486486486487,0.946630597114563,XGBoost (S2),4
2024-10-07,0.9777777777777776,1.3020663261413574,XGBoost (S2),4
2024-10-08,1.261904761904762,1.2550601959228516,XGBoost (S2),4
2024-10-09,0.975609756097561,1.371734619140625,XGBoost (S2),4
2024-10-10,1.051282051282051,1.259577751159668,XGBoost (S2),4
2024-10-11,0.8604651162790697,1.2923566102981567,XGBoost (S2),4
2024-10-12,1.09375,1.1598910093307495,XGBoost (S2),4
2024-10-13,0.6341463414634146,0.9841974973678589,XGBoost (S2),4
2024-10-14,1.3529411764705883,1.3376139402389526,XGBoost (S2),4
2024-10-15,0.9428571428571428,1.2485195398330688,XGBoost (S2),4
2024-10-16,0.9230769230769232,1.3987574577331543,XGBoost (S2),4
2024-10-17,0.975609756097561,1.233061671257019,XGBoost (S2),4
2024-10-18,1.1515151515151516,1.1862976551055908,XGBoost (S2),4
2024-10-19,1.1428571428571428,1.1296534538269043,XGBoost (S2),4
2024-10-20,0.5405405405405406,1.0125476121902466,XGBoost (S2),4
2024-10-21,0.8333333333333334,1.2985247373580933,XGBoost (S2),4
2024-10-22,0.975,1.3265191316604614,XGBoost (S2),4
2024-10-23,0.8125,1.2965904474258423,XGBoost (S2),4
2024-10-24,0.9736842105263158,1.2049896717071533,XGBoost (S2),4
2024-10-25,1.2571428571428571,1.2033177614212036,XGBoost (S2),4
2024-10-26,1.0,1.1803704500198364,XGBoost (S2),4
2024-10-27,1.0277777777777777,1.0075571537017822,XGBoost (S2),4
2024-10-28,1.2352941176470589,1.4045593738555908,XGBoost (S2),4
2024-10-29,1.3157894736842106,1.3308478593826294,XGBoost (S2),4
2024-10-30,1.131578947368421,1.0461573600769043,XGBoost (S2),4
2024-10-31,1.1666666666666667,0.8934126496315002,XGBoost (S2),4
2024-11-01,0.6976744186046512,1.0493359565734863,XGBoost (S2),4
2024-11-02,1.2285714285714286,0.9128917455673218,XGBoost (S2),4
2024-11-03,0.7027027027027027,0.6640521883964539,XGBoost (S2),4
2024-11-04,1.051282051282051,1.1662158966064453,XGBoost (S2),4
2024-11-05,1.65,1.2254890203475952,XGBoost (S2),4
2024-11-06,1.0731707317073171,0.9774230718612671,XGBoost (S2),4
2024-11-07,1.2894736842105263,0.9875355362892151,XGBoost (S2),4
2024-11-08,1.425,0.9349161982536316,XGBoost (S2),4
2024-11-09,1.0857142857142856,1.0619664192199707,XGBoost (S2),4
2024-11-10,0.95,0.7917370200157166,XGBoost (S2),4
2024-11-11,1.125,1.186313271522522,XGBoost (S2),5
2024-11-12,0.9285714285714286,1.2265346050262451,XGBoost (S2),5
2024-11-13,1.5,1.1797542572021484,XGBoost (S2),5
2024-11-14,1.2352941176470589,1.1204149723052979,XGBoost (S2),5
2024-11-15,1.15,1.1706230640411377,XGBoost (S2),5
2024-11-16,0.896551724137931,1.1363234519958496,XGBoost (S2),5
2024-11-17,0.6666666666666666,0.8360745310783386,XGBoost (S2),5
2024-11-18,1.0,1.2639695405960083,XGBoost (S2),5
2024-11-19,1.3714285714285714,1.2547239065170288,XGBoost (S2),5
2024-11-20,1.5,1.2087023258209229,XGBoost (S2),5
2024-11-21,1.1470588235294117,1.1438387632369995,XGBoost (S2),5
2024-11-22,1.1142857142857143,1.2461057901382446,XGBoost (S2),5
2024-11-23,0.8857142857142857,1.0360362529754639,XGBoost (S2),5
2024-11-24,0.8857142857142857,0.8628052473068237,XGBoost (S2),5
2024-11-25,1.2571428571428571,1.2104392051696777,XGBoost (S2),5
2024-11-26,1.2222222222222223,1.3308861255645752,XGBoost (S2),5
2024-11-27,1.2777777777777777,1.2274891138076782,XGBoost (S2),5
2024-11-28,1.0930232558139534,1.186888337135315,XGBoost (S2),5
2024-11-29,1.2777777777777777,1.2114088535308838,XGBoost (S2),5
2024-11-30,0.6578947368421053,1.0601885318756104,XGBoost (S2),5
2024-12-01,0.7714285714285715,0.7458224892616272,XGBoost (S2),5
2024-12-02,0.9714285714285714,1.2199550867080688,XGBoost (S2),5
2024-12-03,1.59375,1.3610281944274902,XGBoost (S2),5
2024-12-04,1.53125,1.1687356233596802,XGBoost (S2),5
2024-12-05,1.121212121212121,1.21089506149292,XGBoost (S2),5
2024-12-06,1.105263157894737,1.278084635734558,XGBoost (S2),5
2024-12-07,0.925,1.0983566045761108,XGBoost (S2),5
2024-12-08,0.9032258064516128,0.6975353956222534,XGBoost (S2),5
2024-12-09,0.9714285714285714,1.125597596168518,XGBoost (S2),5
2024-12-10,1.818181818181818,1.2169914245605469,XGBoost (S2),5
2024-12-11,1.0,1.1504790782928467,XGBoost (S2),5
2024-12-12,0.925,1.1536026000976562,XGBoost (S2),5
2024-12-13,1.2777777777777777,1.1433515548706055,XGBoost (S2),5
2024-12-14,0.7837837837837838,1.0383050441741943,XGBoost (S2),5
2024-12-15,0.5714285714285714,0.7818606495857239,XGBoost (S2),5
2024-12-16,0.6842105263157895,1.1890724897384644,XGBoost (S2),5
2024-12-17,1.457142857142857,1.4530755281448364,XGBoost (S2),5
2024-12-18,0.8421052631578947,1.3033438920974731,XGBoost (S2),5
2024-12-19,1.411764705882353,1.1869033575057983,XGBoost (S2),5
2024-12-20,0.8947368421052632,1.3613216876983643,XGBoost (S2),5
2024-12-21,0.8205128205128205,1.206790566444397,XGBoost (S2),5
2024-12-22,1.1515151515151516,0.9988380670547485,XGBoost (S2),5
2024-12-23,1.0789473684210529,1.3081135749816895,XGBoost (S2),5
2024-12-24,1.4054054054054057,1.3245710134506226,XGBoost (S2),5
2024-03-23,0.6666666666666666,1.1242921588755588,LightGBM (S2),1
2024-03-25,1.46875,1.1585371182176327,LightGBM (S2),1
2024-03-26,1.2972972972972974,1.211424704399304,LightGBM (S2),1
2024-03-28,1.15625,1.1300147564713856,LightGBM (S2),1
2024-03-30,1.3225806451612905,1.1282174998640895,LightGBM (S2),1
2024-03-31,0.9117647058823528,1.1152566369719785,LightGBM (S2),1
2024-04-02,1.4,1.1963862407065602,LightGBM (S2),1
2024-04-04,0.6829268292682927,1.0838667342169312,LightGBM (S2),1
2024-04-05,1.2432432432432432,1.163729967477152,LightGBM (S2),1
2024-04-07,0.7631578947368421,1.0911220767895,LightGBM (S2),1
2024-04-09,1.048780487804878,1.1709853100497207,LightGBM (S2),1
2024-04-10,1.0526315789473684,1.1786164193650903,LightGBM (S2),1
2024-04-12,1.1714285714285717,1.1849641035912557,LightGBM (S2),1
2024-04-14,1.15625,1.137732968063867,LightGBM (S2),1
2024-04-15,1.393939393939394,1.2138752927455558,LightGBM (S2),1
2024-04-17,1.4166666666666667,1.1376353906179253,LightGBM (S2),1
2024-04-19,1.0476190476190477,1.1338090336061755,LightGBM (S2),1
2024-04-20,0.8947368421052632,1.1307454065245184,LightGBM (S2),1
2024-04-22,1.0909090909090908,1.2042492894994739,LightGBM (S2),1
2024-04-24,1.4324324324324325,1.2251921572768196,LightGBM (S2),1
2024-04-25,1.0,1.1429285541826935,LightGBM (S2),1
2024-04-27,1.0,1.1428182281991834,LightGBM (S2),1
2024-04-29,1.4047619047619049,1.1531097641663595,LightGBM (S2),1
2024-05-01,1.3870967741935485,1.1852303959764054,LightGBM (S2),1
2024-05-02,0.9743589743589745,1.1480301136032642,LightGBM (S2),1
2024-05-04,1.2352941176470589,1.1486479073905358,LightGBM (S2),1
2024-05-06,1.5757575757575757,1.2254408537596266,LightGBM (S2),1
2024-05-07,1.3888888888888888,1.0988182696443773,LightGBM (S2),1
2024-05-09,1.2285714285714286,1.1425291963729576,LightGBM (S2),1
2024-05-11,1.0,1.1235562395893355,LightGBM (S2),1
2024-05-12,0.7142857142857143,1.1160362195877207,LightGBM (S2),1
2024-05-14,1.302325581395349,1.2259832339903276,LightGBM (S2),1
2024-05-16,1.2571428571428571,1.1504894859957282,LightGBM (S2),1
2024-05-17,1.0465116279069768,1.2081700305549994,LightGBM (S2),1
2024-05-19,1.0277777777777777,1.154922029719765,LightGBM (S2),1
2024-05-21,1.3636363636363635,1.2280758999406691,LightGBM (S2),1
2024-05-22,1.3846153846153846,1.1946131880906687,LightGBM (S2),1
2024-05-24,0.8536585365853658,1.155107127124416,LightGBM (S2),1
2024-05-26,0.5609756097560976,1.1456799257317265,LightGBM (S2),1
2024-05-27,1.351351351351351,1.2262431661960738,LightGBM (S2),1
2024-05-29,0.7045454545454546,1.2244561186679435,LightGBM (S2),1
2024-05-31,1.25,1.1569465963469392,LightGBM (S2),1
2024-06-01,1.0256410256410255,1.156415710214004,LightGBM (S2),1
2024-06-03,1.0526315789473684,1.2362789434742247,LightGBM (S2),1
2024-06-04,1.3,1.383249322391121,LightGBM (S2),2
2024-06-06,1.4285714285714286,1.1251394195569486,LightGBM (S2),2
2024-06-07,1.7741935483870968,1.2946082919490152,LightGBM (S2),2
2024-06-09,1.09375,0.9600025467043466,LightGBM (S2),2
2024-06-11,1.6923076923076923,1.10604917416346,LightGBM (S2),2
2024-06-12,1.1,1.0488503736421195,LightGBM (S2),2
2024-06-14,1.1794871794871795,1.0146480721103397,LightGBM (S2),2
2024-06-16,0.8611111111111112,0.9329896878418772,LightGBM (S2),2
2024-06-17,1.3636363636363635,1.102877685567333,LightGBM (S2),2
2024-06-19,1.3333333333333333,1.1433770634330749,LightGBM (S2),2
2024-06-21,1.394736842105263,0.9752411315411004,LightGBM (S2),2
2024-06-22,1.1515151515151516,0.9554873401808809,LightGBM (S2),2
2024-06-24,0.8918918918918919,0.986127457847287,LightGBM (S2),2
2024-06-25,1.3142857142857145,1.0466164581280122,LightGBM (S2),2
2024-06-27,1.1142857142857143,1.1865722513554064,LightGBM (S2),2
2024-06-29,1.25,1.2033425072444703,LightGBM (S2),2
2024-06-30,0.9117647058823528,1.0478580263637707,LightGBM (S2),2
2024-07-02,1.3095238095238095,1.307631983910943,LightGBM (S2),2
2024-07-04,1.375,1.0611768337684953,LightGBM (S2),2
2024-07-05,1.0,1.0291250294207988,LightGBM (S2),2
2024-07-07,0.8484848484848485,0.9802778964771086,LightGBM (S2),2
2024-07-09,1.5135135135135136,1.0912978679489993,LightGBM (S2),2
2024-07-10,0.902439024390244,1.054088378016772,LightGBM (S2),2
2024-07-12,1.5294117647058822,0.9339491062030102,LightGBM (S2),2
2024-07-14,0.5666666666666667,0.8244511785206778,LightGBM (S2),2
2024-07-15,1.4444444444444444,1.062783285986959,LightGBM (S2),2
2024-07-17,0.7317073170731707,0.9483790681044258,LightGBM (S2),2
2024-07-19,1.15,1.3352594344064583,LightGBM (S2),2
2024-07-20,1.2727272727272727,1.1450348211039367,LightGBM (S2),2
2024-07-22,1.1794871794871795,1.2928914211377316,LightGBM (S2),2
2024-07-24,1.8333333333333333,1.146285335822085,LightGBM (S2),2
2024-07-25,0.8,1.084590097021698,LightGBM (S2),2
2024-07-27,1.1515151515151516,1.1847395534873926,LightGBM (S2),2
2024-07-28,0.7222222222222222,1.065391007743125,LightGBM (S2),2
2024-07-30,1.2702702702702702,1.2908573909229073,LightGBM (S2),2
2024-08-01,0.9302325581395348,1.1930348984002141,LightGBM (S2),2
2024-08-02,0.9,1.1652344402321129,LightGBM (S2),2
2024-08-04,0.75,1.0608864690856896,LightGBM (S2),2
2024-08-06,1.3636363636363635,1.296448244107443,LightGBM (S2),2
2024-08-07,1.0526315789473684,1.194410991373782,LightGBM (S2),2
2024-08-09,0.945945945945946,1.1972138066850107,LightGBM (S2),2
2024-08-11,0.6060606060606061,1.0168359251311028,LightGBM (S2),2
2024-08-12,0.9285714285714286,1.3331000257113013,LightGBM (S2),2
2024-08-14,1.3421052631578947,1.2527785335925719,LightGBM (S2),2
2024-08-15,1.870967741935484,1.186673613014761,LightGBM (S2),3
2024-08-16,1.4,1.0415583168978666,LightGBM (S2),3
2024-08-17,1.3421052631578947,0.8903669159386729,LightGBM (S2),3
2024-08-18,1.0,0.8383711856297187,LightGBM (S2),3
2024-08-19,1.1666666666666667,1.1234795387897865,LightGBM (S2),3
2024-08-20,1.2894736842105263,1.322959274910519,LightGBM (S2),3
2024-08-21,1.236842105263158,1.3021559203228936,LightGBM (S2),3
2024-08-22,1.0731707317073171,1.1509864864096353,LightGBM (S2),3
2024-08-23,1.2857142857142858,1.2252524871458832,LightGBM (S2),3
2024-08-24,1.1,1.1062321128352128,LightGBM (S2),3
2024-08-25,0.5294117647058824,0.9102941623381604,LightGBM (S2),3
2024-08-26,1.0606060606060606,1.1660370400287017,LightGBM (S2),3
2024-08-27,1.3333333333333333,1.4000262373304508,LightGBM (S2),3
2024-08-28,1.5357142857142858,1.1914848165229068,LightGBM (S2),3
2024-08-29,0.9444444444444444,0.9457909232601984,LightGBM (S2),3
2024-08-30,1.0714285714285714,1.107827875968644,LightGBM (S2),3
2024-08-31,0.972972972972973,1.0612199061234588,LightGBM (S2),3
2024-09-01,0.575,0.7572662116796034,LightGBM (S2),3
2024-09-02,1.0,1.1328910072909182,LightGBM (S2),3
2024-09-03,1.53125,1.1891618990277664,LightGBM (S2),3
2024-09-04,0.8809523809523809,1.1197313365446184,LightGBM (S2),3
2024-09-05,1.3783783783783785,1.130289737228133,LightGBM (S2),3
2024-09-06,0.918918918918919,1.1861467341713519,LightGBM (S2),3
2024-09-07,0.9393939393939394,0.8760377184015529,LightGBM (S2),3
2024-09-08,1.027027027027027,0.831679524594374,LightGBM (S2),3
2024-09-09,1.3333333333333333,1.1712499608209415,LightGBM (S2),3
2024-09-10,1.0975609756097562,1.2185917263647659,LightGBM (S2),3
2024-09-11,1.0217391304347827,1.257022444853536,LightGBM (S2),3
2024-09-12,0.7692307692307693,1.2931964896844625,LightGBM (S2),3
2024-09-13,1.4,1.130769913561815,LightGBM (S2),3
2024-09-14,1.2413793103448276,1.0339038312034725,LightGBM (S2),3
2024-09-15,0.6875,0.9811588073260127,LightGBM (S2),3
2024-09-16,1.1666666666666667,1.2103883682547811,LightGBM (S2),3
2024-09-17,0.8235294117647058,1.4507533787316165,LightGBM (S2),3
2024-09-18,1.3333333333333333,1.2529537680677256,LightGBM (S2),3
2024-09-19,0.8461538461538461,0.9697294476962468,LightGBM (S2),3
2024-09-20,0.8571428571428571,1.1602458774741449,LightGBM (S2),3
2024-09-21,0.8611111111111112,1.006854039222577,LightGBM (S2),3
2024-09-22,1.0,0.8707511639929238,LightGBM (S2),3
2024-09-23,1.3243243243243243,1.341530152226982,LightGBM (S2),3
2024-09-24,1.4285714285714286,1.2904902384887718,LightGBM (S2),3
2024-09-25,1.2285714285714286,1.2198512594205304,LightGBM (S2),3
2024-09-26,0.7894736842105263,1.0391154729991288,LightGBM (S2),3
2024-09-27,1.131578947368421,1.1096558673078414,LightGBM (S2),3
2024-09-28,0.75,0.9227852574004575,LightGBM (S2),4
2024-09-29,0.8157894736842105,0.7462366288274037,LightGBM (S2),4
2024-09-30,1.0731707317073171,1.1294982517417835,LightGBM (S2),4
2024-10-01,1.5588235294117647,1.3469036535016592,LightGBM (S2),4
2024-10-02,0.8461538461538461,1.176713264163466,LightGBM (S2),4
2024-10-03,0.6857142857142857,1.2540043488132626,LightGBM (S2),4
2024-10-04,1.0526315789473684,1.2768471983757028,LightGBM (S2),4
2024-10-05,0.9487179487179488,1.0865711402255904,LightGBM (S2),4
2024-10-06,0.6486486486486487,0.972180649106042,LightGBM (S2),4
2024-10-07,0.9777777777777776,1.242580238530389,LightGBM (S2),4
2024-10-08,1.261904761904762,1.2391709165112377,LightGBM (S2),4
2024-10-09,0.975609756097561,1.202523792721603,LightGBM (S2),4
2024-10-10,1.051282051282051,1.2374278829274852,LightGBM (S2),4
2024-10-11,0.8604651162790697,1.2801110994750153,LightGBM (S2),4
2024-10-12,1.09375,1.149276391961279,LightGBM (S2),4
2024-10-13,0.6341463414634146,0.9931629960484597,LightGBM (S2),4
2024-10-14,1.3529411764705883,1.3897194434761548,LightGBM (S2),4
2024-10-15,0.9428571428571428,1.3109668676928405,LightGBM (S2),4
2024-10-16,0.9230769230769232,1.3676557820050772,LightGBM (S2),4
2024-10-17,0.975609756097561,1.2320242502438687,LightGBM (S2),4
2024-10-18,1.1515151515151516,1.1689876836471997,LightGBM (S2),4
2024-10-19,1.1428571428571428,1.0719980732074252,LightGBM (S2),4
2024-10-20,0.5405405405405406,0.9892694560112666,LightGBM (S2),4
2024-10-21,0.8333333333333334,1.3031439549990562,LightGBM (S2),4
2024-10-22,0.975,1.3321673476403895,LightGBM (S2),4
2024-10-23,0.8125,1.3131091140413749,LightGBM (S2),4
2024-10-24,0.9736842105263158,1.2294699752933338,LightGBM (S2),4
2024-10-25,1.2571428571428571,1.2195488889226975,LightGBM (S2),4
2024-10-26,1.0,1.2045943636836496,LightGBM (S2),4
2024-10-27,1.0277777777777777,1.0322276361131015,LightGBM (S2),4
2024-10-28,1.2352941176470589,1.296861850235153,LightGBM (S2),4
2024-10-29,1.3157894736842106,1.3844705374060806,LightGBM (S2),4
2024-10-30,1.131578947368421,1.0742794076053057,LightGBM (S2),4
2024-10-31,1.1666666666666667,0.8434333301887292,LightGBM (S2),4
2024-11-01,0.6976744186046512,0.9834224191219985,LightGBM (S2),4
2024-11-02,1.2285714285714286,0.8739929039665177,LightGBM (S2),4
2024-11-03,0.7027027027027027,0.6889973179631188,LightGBM (S2),4
2024-11-04,1.051282051282051,1.1771107546110438,LightGBM (S2),4
2024-11-05,1.65,1.362171430063285,LightGBM (S2),4
2024-11-06,1.0731707317073171,1.1126023277389352,LightGBM (S2),4
2024-11-07,1.2894736842105263,0.9729756517329768,LightGBM (S2),4
2024-11-08,1.425,0.8641917609064877,LightGBM (S2),4
2024-11-09,1.0857142857142856,1.0883202867595043,LightGBM (S2),4
2024-11-10,0.95,0.7993275807676996,LightGBM (S2),4
2024-11-11,1.125,1.2286927979792877,LightGBM (S2),5
2024-11-12,0.9285714285714286,1.2934796972760074,LightGBM (S2),5
2024-11-13,1.5,1.169094894581478,LightGBM (S2),5
2024-11-14,1.2352941176470589,1.1487096337974452,LightGBM (S2),5
2024-11-15,1.15,1.1366933566166089,LightGBM (S2),5
2024-11-16,0.896551724137931,1.024130558209025,LightGBM (S2),5
2024-11-17,0.6666666666666666,0.8650049313139209,LightGBM (S2),5
2024-11-18,1.0,1.2797744282658245,LightGBM (S2),5
2024-11-19,1.3714285714285714,1.2868192703475734,LightGBM (S2),5
2024-11-20,1.5,1.2073600481158806,LightGBM (S2),5
2024-11-21,1.1470588235294117,1.1101644219638558,LightGBM (S2),5
2024-11-22,1.1142857142857143,1.1851080007192447,LightGBM (S2),5
2024-11-23,0.8857142857142857,1.0847969282268934,LightGBM (S2),5
2024-11-24,0.8857142857142857,0.9102851125654022,LightGBM (S2),5
2024-11-25,1.2571428571428571,1.1931488915363793,LightGBM (S2),5
2024-11-26,1.2222222222222223,1.3397913448290557,LightGBM (S2),5
2024-11-27,1.2777777777777777,1.2098258082174784,LightGBM (S2),5
2024-11-28,1.0930232558139534,1.1753309074102458,LightGBM (S2),5
2024-11-29,1.2777777777777777,1.1490005307267241,LightGBM (S2),5
2024-11-30,0.6578947368421053,1.0304486738329603,LightGBM (S2),5
2024-12-01,0.7714285714285715,0.8439124299919076,LightGBM (S2),5
2024-12-02,0.9714285714285714,1.2030369044685179,LightGBM (S2),5
2024-12-03,1.59375,1.3746263320170429,LightGBM (S2),5
2024-12-04,1.53125,1.156953306181461,LightGBM (S2),5
2024-12-05,1.121212121212121,1.166854119110451,LightGBM (S2),5
2024-12-06,1.105263157894737,1.1982546135699097,LightGBM (S2),5
2024-12-07,0.925,1.0641346017425266,LightGBM (S2),5
2024-12-08,0.9032258064516128,0.8130373646259106,LightGBM (S2),5
2024-12-09,0.9714285714285714,1.1421106322272354,LightGBM (S2),5
2024-12-10,1.818181818181818,1.2200447317354757,LightGBM (S2),5
2024-12-11,1.0,1.2337125949600047,LightGBM (S2),5
2024-12-12,0.925,1.160372789945676,LightGBM (S2),5
2024-12-13,1.2777777777777777,1.1813110788201704,LightGBM (S2),5
2024-12-14,0.7837837837837838,1.1061527536914586,LightGBM (S2),5
2024-12-15,0.5714285714285714,0.8108181315715067,LightGBM (S2),5
2024-12-16,0.6842105263157895,1.1764597365455778,LightGBM (S2),5
2024-12-17,1.457142857142857,1.2951282844019605,LightGBM (S2),5
2024-12-18,0.8421052631578947,1.2204577618053634,LightGBM (S2),5
2024-12-19,1.411764705882353,1.152410823660363,LightGBM (S2),5
2024-12-20,0.8947368421052632,1.2474475529267577,LightGBM (S2),5
2024-12-21,0.8205128205128205,1.1755297376752987,LightGBM (S2),5
2024-12-22,1.1515151515151516,0.9265703108996082,LightGBM (S2),5
2024-12-23,1.0789473684210529,1.2835723349499522,LightGBM (S2),5
2024-12-24,1.4054054054054057,1.325427196383579,LightGBM (S2),5
2024-03-23,0.6666666666666666,1.178560075021238,14-day moving average,1
2024-03-25,1.46875,1.119702266163429,14-day moving average,1
2024-03-26,1.2972972972972974,1.1400265142837298,14-day moving average,1
2024-03-28,1.15625,1.1556314048886205,14-day moving average,1
2024-03-30,1.3225806451612905,1.1563026086848245,14-day moving average,1
2024-03-31,0.9117647058823528,1.190622278827924,14-day moving average,1
2024-04-02,1.4,1.218846521378542,14-day moving average,1
2024-04-04,0.6829268292682927,1.2476482836406704,14-day moving average,1
2024-04-05,1.2432432432432432,1.2230696980864748,14-day moving average,1
2024-04-07,0.7631578947368421,1.257909508788355,14-day moving average,1
2024-04-09,1.048780487804878,1.2099837894575602,14-day moving average,1
2024-04-10,1.0526315789473684,1.1922325887795302,14-day moving average,1
2024-04-12,1.1714285714285717,1.182306020464804,14-day moving average,1
2024-04-14,1.15625,1.1413961462144515,14-day moving average,1
2024-04-15,1.393939393939394,1.1588593815085697,14-day moving average,1
2024-04-17,1.4166666666666667,1.1155693382185263,14-day moving average,1
2024-04-19,1.0476190476190477,1.1595852816247134,14-day moving average,1
2024-04-20,0.8947368421052632,1.145612124794414,14-day moving average,1
2024-04-22,1.0909090909090908,1.1180648082271336,14-day moving average,1
2024-04-24,1.4324324324324325,1.1223881561915965,14-day moving average,1
2024-04-25,1.0,1.1495167885833868,14-day moving average,1
2024-04-27,1.0,1.1360273018796143,14-day moving average,1
2024-04-29,1.4047619047619049,1.1429966303086605,14-day moving average,1
2024-05-01,1.3870967741935485,1.1454703470680914,14-day moving average,1
2024-05-02,0.9743589743589745,1.1433582118914405,14-day moving average,1
2024-05-04,1.2352941176470589,1.120575331965703,14-day moving average,1
2024-05-06,1.5757575757575757,1.1298632576622971,14-day moving average,1
2024-05-07,1.3888888888888888,1.164495292294332,14-day moving average,1
2024-05-09,1.2285714285714286,1.1616715174117336,14-day moving average,1
2024-05-11,1.0,1.1986061561320869,14-day moving average,1
2024-05-12,0.7142857142857143,1.1986061561320869,14-day moving average,1
2024-05-14,1.302325581395349,1.1429546647663096,14-day moving average,1
2024-05-16,1.2571428571428571,1.1510719151673452,14-day moving average,1
2024-05-17,1.0465116279069768,1.1712707639376223,14-day moving average,1
2024-05-19,1.0277777777777777,1.1578966147807883,14-day moving average,1
2024-05-21,1.3636363636363635,1.1521078129393547,14-day moving average,1
2024-05-22,1.3846153846153846,1.150304061135603,14-day moving average,1
2024-05-24,0.8536585365853658,1.1676987113033623,14-day moving average,1
2024-05-26,0.5609756097560976,1.115209070094209,14-day moving average,1
2024-05-27,1.351351351351351,1.1042583483420936,14-day moving average,1
2024-05-29,0.7045454545454546,1.1521471746166927,14-day moving average,1
2024-05-31,1.25,1.0968029157010053,14-day moving average,1
2024-06-01,1.0256410256410255,1.1113377994219356,14-day moving average,1
2024-06-03,1.0526315789473684,1.0836341538611471,14-day moving average,1
2024-06-04,1.3,1.0690785340423694,14-day moving average,2
2024-06-06,1.4285714285714286,1.0877517962640189,14-day moving average,2
2024-06-07,1.7741935483870968,1.1037120265099631,14-day moving average,2
2024-06-09,1.09375,1.1674956628840796,14-day moving average,2
2024-06-11,1.6923076923076923,1.223744494666448,14-day moving average,2
2024-06-12,1.1,1.2269765567220394,14-day moving average,2
2024-06-14,1.1794871794871795,1.2671280718735545,14-day moving average,2
2024-06-16,0.8611111111111112,1.2657544454999283,14-day moving average,2
2024-06-17,1.3636363636363635,1.2813440146609258,14-day moving average,2
2024-06-19,1.3333333333333333,1.2784670670471363,14-day moving average,2
2024-06-21,1.394736842105263,1.244187387433355,14-day moving average,2
2024-06-22,1.1515151515151516,1.2170833369846528,14-day moving average,2
2024-06-24,0.8918918918918919,1.1919053899317056,14-day moving average,2
2024-06-25,1.3142857142857145,1.1408933389196547,14-day moving average,2
2024-06-27,1.1142857142857143,1.1325425627117356,14-day moving average,2
2024-06-29,1.25,1.114194839006869,14-day moving average,2
2024-06-30,0.9117647058823528,1.1265574763695063,14-day moving average,2
2024-07-02,1.3095238095238095,1.1319793420854898,14-day moving average,2
2024-07-04,1.375,1.1625130940478132,14-day moving average,2
2024-07-05,1.0,1.1660845226192418,14-day moving average,2
2024-07-07,0.8484848484848485,1.128808683353672,14-day moving average,2
2024-07-09,1.5135135135135136,1.228840679937393,14-day moving average,2
2024-07-10,0.902439024390244,1.2430712370250927,14-day moving average,2
2024-07-12,1.5294117647058822,1.2106490811708812,14-day moving average,2
2024-07-14,0.5666666666666667,1.2307316490817666,14-day moving average,2
2024-07-15,1.4444444444444444,1.2060817891377889,14-day moving average,2
2024-07-17,0.7317073170731707,1.195877707505136,14-day moving average,2
2024-07-19,1.15,1.116130320745554,14-day moving average,2
2024-07-20,1.2727272727272727,1.1268446064598396,14-day moving average,2
2024-07-22,1.1794871794871795,1.1250483336269814,14-day moving average,2
2024-07-24,1.8333333333333333,1.041383275285199,14-day moving average,2
2024-07-25,0.8,1.107875725923991,14-day moving average,2
2024-07-27,1.1515151515151516,1.0472714842273123,14-day moving average,2
2024-07-28,0.7222222222222222,1.0597551246179295,14-day moving average,2
2024-07-30,1.2702702702702702,1.0691953919529336,14-day moving average,2
2024-08-01,0.9302325581395348,1.1287455235305044,14-day moving average,2
2024-08-02,0.9,1.1289886156624225,14-day moving average,2
2024-08-04,0.75,1.1095080961819028,14-day moving average,2
2024-08-06,1.3636363636363635,1.146781568323796,14-day moving average,2
2024-08-07,1.0526315789473684,1.1660591657263937,14-day moving average,2
2024-08-09,0.945945945945946,1.1505544949585649,14-day moving average,2
2024-08-11,0.6060606060606061,1.1272129716170414,14-day moving average,2
2024-08-12,0.9285714285714286,1.1189157133197831,14-day moving average,2
2024-08-14,1.3421052631578947,1.0721554729505205,14-day moving average,2
2024-08-15,1.870967741935484,1.0675737060332269,14-day moving average,3
2024-08-16,1.4,1.134769076304366,14-day moving average,3
2024-08-17,1.3421052631578947,1.170483362018652,14-day moving average,3
2024-08-18,1.0,1.177062309387073,14-day moving average,3
2024-08-19,1.1666666666666667,1.1949194522442157,14-day moving average,3
2024-08-20,1.2894736842105263,1.1692302291865715,14-day moving average,3
2024-08-21,1.236842105263158,1.163932894941869,14-day moving average,3
2024-08-22,1.0731707317073171,1.177090789678711,14-day moving average,3
2024-08-23,1.2857142857142858,1.156343244540922,14-day moving average,3
2024-08-24,1.1,1.180612411667232,14-day moving average,3
2024-08-25,0.5294117647058824,1.1964132774680978,14-day moving average,3
2024-08-26,1.0606060606060606,1.1909383602284749,14-day moving average,3
2024-08-27,1.3333333333333333,1.2003694053738057,14-day moving average,3
2024-08-28,1.5357142857142858,1.2164569214613217,14-day moving average,3
2024-08-29,0.9444444444444444,1.2302861373582066,14-day moving average,3
2024-08-30,1.0714285714285714,1.1641059018231326,14-day moving average,3
2024-08-31,0.972972972972973,1.1406365140680303,14-day moving average,3
2024-09-01,0.575,1.1142699219119645,14-day moving average,3
2024-09-02,1.0,1.0839127790548218,14-day moving average,3
2024-09-03,1.53125,1.07200801715006,14-day moving average,3
2024-09-04,0.8809523809523809,1.0892777539921652,14-day moving average,3
2024-09-05,1.3783783783783785,1.063857059398538,14-day moving average,3
2024-09-06,0.918918918918919,1.0856576055893283,14-day moving average,3
2024-09-07,0.9393939393939394,1.0594579365325163,14-day moving average,3
2024-09-08,1.027027027027027,1.0479860750606549,14-day moving average,3
2024-09-09,1.3333333333333333,1.083530022369308,14-day moving average,3
2024-09-10,1.0975609756097562,1.1030105418498275,14-day moving average,3
2024-09-11,1.0217391304347827,1.0861696591552863,14-day moving average,3
2024-09-12,0.7692307692307693,1.0494571480638932,14-day moving average,3
2024-09-13,1.4,1.0369418855486308,14-day moving average,3
2024-09-14,1.2413793103448276,1.0604112733037327,14-day moving average,3
2024-09-15,0.6875,1.0795831545445795,14-day moving average,3
2024-09-16,1.1666666666666667,1.087618868830294,14-day moving average,3
2024-09-17,0.8235294117647058,1.0995236307350558,14-day moving average,3
2024-09-18,1.3333333333333333,1.0489721601468205,14-day moving average,3
2024-09-19,0.8461538461538461,1.0812850853168885,14-day moving average,3
2024-09-20,0.8571428571428571,1.0432690473008503,14-day moving average,3
2024-09-21,0.8611111111111112,1.038856471459703,14-day moving average,3
2024-09-22,1.0,1.0332648408680725,14-day moving average,3
2024-09-23,1.3243243243243243,1.0313343389375706,14-day moving average,3
2024-09-24,1.4285714285714286,1.03069083829407,14-day moving average,3
2024-09-25,1.2285714285714286,1.0543344420770466,14-day moving average,3
2024-09-26,0.7894736842105263,1.0691081776582356,14-day moving average,3
2024-09-27,1.131578947368421,1.0705541001567898,14-day moving average,3
2024-09-28,0.75,1.0513811678259626,14-day moving average,4
2024-09-29,0.8157894736842105,1.016282645658475,14-day moving average,4
2024-09-30,1.0731707317073171,1.0254461794930614,14-day moving average,4
2024-10-01,1.5588235294117647,1.0187678984245363,14-day moving average,4
2024-10-02,0.8461538461538461,1.0712889068278977,14-day moving average,4
2024-10-03,0.6857142857142857,1.036490372029363,14-day moving average,4
2024-10-04,1.0526315789473684,1.0250304034265372,14-day moving average,4
2024-10-05,0.9487179487179488,1.0389938835554309,14-day moving average,4
2024-10-06,0.6486486486486487,1.045251514813062,14-day moving average,4
2024-10-07,0.9777777777777776,1.0201549897165372,14-day moving average,4
2024-10-08,1.261904761904762,0.9954016649632124,14-day moving average,4
2024-10-09,0.975609756097561,0.9834969030584504,14-day moving average,4
2024-10-10,1.051282051282051,0.96542821216746,14-day moving average,4
2024-10-11,0.8604651162790697,0.9841288098154258,14-day moving average,4
2024-10-12,1.09375,0.9647635361661864,14-day moving average,4
2024-10-13,0.6341463414634146,0.989317107594758,14-day moving average,4
2024-10-14,1.3529411764705883,0.9763425981504154,14-day moving average,4
2024-10-15,0.9428571428571428,0.9963262013477918,14-day moving average,4
2024-10-16,0.9230769230769232,0.952328602308176,14-day moving average,4
2024-10-17,0.975609756097561,0.9578231078026817,14-day moving average,4
2024-10-18,1.1515151515151516,0.9785299271157728,14-day moving average,4
2024-10-19,1.1428571428571428,0.9855930394420428,14-day moving average,4
2024-10-20,0.5405405405405406,0.9994601247376996,14-day moving average,4
2024-10-21,0.8333333333333334,0.991738117015692,14-day moving average,4
2024-10-22,0.975,0.9814206566982316,14-day moving average,4
2024-10-23,0.8125,0.96092745941932,14-day moving average,4
2024-10-24,0.9736842105263158,0.9492767625552084,14-day moving average,4
2024-10-25,1.2571428571428571,0.9437340596440844,14-day moving average,4
2024-10-26,1.0,0.972068183991498,14-day moving average,4
2024-10-27,1.0277777777777777,0.9653717554200696,14-day moving average,4
2024-10-28,1.2352941176470589,0.993488286585381,14-day moving average,4
2024-10-29,1.3157894736842106,0.9850849252408432,14-day moving average,4
2024-10-30,1.131578947368421,1.0117229488713482,14-day moving average,4
2024-10-31,1.1666666666666667,1.026615950606455,14-day moving average,4
2024-11-01,0.6976744186046512,1.0402628727899623,14-day moving average,4
2024-11-02,1.2285714285714286,1.0078456775820697,14-day moving average,4
2024-11-03,0.7027027027027027,1.0139681265616614,14-day moving average,4
2024-11-04,1.051282051282051,1.0255511381446731,14-day moving average,4
2024-11-05,1.65,1.0411189037124386,14-day moving average,4
2024-11-06,1.0731707317073171,1.0893331894267244,14-day moving average,4
2024-11-07,1.2894736842105263,1.1079525274058184,14-day moving average,4
2024-11-08,1.425,1.1305089183832622,14-day moving average,4
2024-11-09,1.0857142857142856,1.1424987143016294,14-day moving average,4
2024-11-10,0.95,1.148621163281221,14-day moving average,4
2024-11-11,1.125,1.1430656077256656,14-day moving average,5
2024-11-12,0.9285714285714286,1.1351874564651616,14-day moving average,5
2024-11-13,1.5,1.1075290246713914,14-day moving average,5
2024-11-14,1.2352941176470589,1.1338448141450757,14-day moving average,5
2024-11-15,1.15,1.1387467749293891,14-day moving average,5
2024-11-16,0.896551724137931,1.1710557450290573,14-day moving average,5
2024-11-17,0.6666666666666666,1.147340051855236,14-day moving average,5
2024-11-18,1.0,1.1447660492812333,14-day moving average,5
2024-11-19,1.3714285714285714,1.1411030456182296,14-day moving average,5
2024-11-20,1.5,1.121205086434556,14-day moving average,5
2024-11-21,1.1470588235294117,1.1516928913126048,14-day moving average,5
2024-11-22,1.1142857142857143,1.141520401263954,14-day moving average,5
2024-11-23,0.8857142857142857,1.1193265237129335,14-day moving average,5
2024-11-24,0.8857142857142857,1.105040809427219,14-day moving average,5
2024-11-25,1.2571428571428571,1.1004489726925253,14-day moving average,5
2024-11-26,1.2222222222222223,1.1098877482027294,14-day moving average,5
2024-11-27,1.2777777777777777,1.1308628048920717,14-day moving average,5
2024-11-28,1.0930232558139534,1.114989789019056,14-day moving average,5
2024-11-29,1.2777777777777777,1.1048275846024056,14-day moving average,5
2024-11-30,0.6578947368421053,1.1139545687293897,14-day moving average,5
2024-12-01,0.7714285714285715,1.0969076410654022,14-day moving average,5
2024-12-02,0.9714285714285714,1.1043906342626808,14-day moving average,5
2024-12-03,1.59375,1.1023498179361504,14-day moving average,5
2024-12-04,1.53125,1.1182299199769667,14-day moving average,5
2024-12-05,1.121212121212121,1.1204620628341095,14-day moving average,5
2024-12-06,1.105263157894737,1.118615869811446,14-day moving average,5
2024-12-07,0.925,1.1179714014978048,14-day moving average,5
2024-12-08,0.9032258064516128,1.1207775239467843,14-day moving average,5
2024-12-09,0.9714285714285714,1.1220283468565933,14-day moving average,5
2024-12-10,1.818181818181818,1.101620183591287,14-day moving average,5
2024-12-11,1.0,1.1441887261598296,14-day moving average,5
2024-12-12,0.925,1.12434745631856,14-day moving average,5
2024-12-13,1.2777777777777777,1.112345795188992,14-day moving average,5
2024-12-14,0.7837837837837838,1.112345795188992,14-day moving average,5
2024-12-15,0.5714285714285714,1.1213378699705403,14-day moving average,5
2024-12-16,0.6842105263157895,1.107052155684826,14-day moving average,5
2024-12-17,1.457142857142857,1.0865365810339132,14-day moving average,5
2024-12-18,0.8421052631578947,1.0767789279726885,14-day moving average,5
2024-12-19,1.411764705882353,1.0275543039125383,14-day moving average,5
2024-12-20,0.8947368421052632,1.048308059960412,14-day moving average,5
2024-12-21,0.8205128205128205,1.0332704659754497,14-day moving average,5
2024-12-22,1.1515151515151516,1.0258070960120795,14-day moving average,5
2024-12-23,1.0789473684210529,1.0435420492309038,14-day moving average,5
2024-12-24,1.4054054054054057,1.0512219633017952,14-day moving average,5
2024-03-23,0.6666666666666666,1.1472152471542358,LSTM 28-step (S2),1
2024-03-25,1.46875,1.1662917137145996,LSTM 28-step (S2),1
2024-03-26,1.2972972972972974,1.1774446964263916,LSTM 28-step (S2),1
2024-03-28,1.15625,1.184195876121521,LSTM 28-step (S2),1
2024-03-30,1.3225806451612905,1.179809808731079,LSTM 28-step (S2),1
2024-03-31,0.9117647058823528,1.145914912223816,LSTM 28-step (S2),1
2024-04-02,1.4,1.1578166484832764,LSTM 28-step (S2),1
2024-04-04,0.6829268292682927,1.15701425075531,LSTM 28-step (S2),1
2024-04-05,1.2432432432432432,1.1680434942245483,LSTM 28-step (S2),1
2024-04-07,0.7631578947368421,1.1515891551971436,LSTM 28-step (S2),1
2024-04-09,1.048780487804878,1.178556203842163,LSTM 28-step (S2),1
2024-04-10,1.0526315789473684,1.1819379329681396,LSTM 28-step (S2),1
2024-04-12,1.1714285714285717,1.1759154796600342,LSTM 28-step (S2),1
2024-04-14,1.15625,1.1606920957565308,LSTM 28-step (S2),1
2024-04-15,1.393939393939394,1.1659592390060425,LSTM 28-step (S2),1
2024-04-17,1.4166666666666667,1.1750879287719727,LSTM 28-step (S2),1
2024-04-19,1.0476190476190477,1.172019124031067,LSTM 28-step (S2),1
2024-04-20,0.8947368421052632,1.1638919115066528,LSTM 28-step (S2),1
2024-04-22,1.0909090909090908,1.1682140827178955,LSTM 28-step (S2),1
2024-04-24,1.4324324324324325,1.171919345855713,LSTM 28-step (S2),1
2024-04-25,1.0,1.1710314750671387,LSTM 28-step (S2),1
2024-04-27,1.0,1.1698530912399292,LSTM 28-step (S2),1
2024-04-29,1.4047619047619049,1.1723510026931763,LSTM 28-step (S2),1
2024-05-01,1.3870967741935485,1.1747761964797974,LSTM 28-step (S2),1
2024-05-02,0.9743589743589745,1.1662352085113525,LSTM 28-step (S2),1
2024-05-04,1.2352941176470589,1.160192608833313,LSTM 28-step (S2),1
2024-05-06,1.5757575757575757,1.1694480180740356,LSTM 28-step (S2),1
2024-05-07,1.3888888888888888,1.1652766466140747,LSTM 28-step (S2),1
2024-05-09,1.2285714285714286,1.1723052263259888,LSTM 28-step (S2),1
2024-05-11,1.0,1.1611764430999756,LSTM 28-step (S2),1
2024-05-12,0.7142857142857143,1.1594116687774658,LSTM 28-step (S2),1
2024-05-14,1.302325581395349,1.17418372631073,LSTM 28-step (S2),1
2024-05-16,1.2571428571428571,1.1740038394927979,LSTM 28-step (S2),1
2024-05-17,1.0465116279069768,1.1741909980773926,LSTM 28-step (S2),1
2024-05-19,1.0277777777777777,1.171008825302124,LSTM 28-step (S2),1
2024-05-21,1.3636363636363635,1.155676007270813,LSTM 28-step (S2),1
2024-05-22,1.3846153846153846,1.1570134162902832,LSTM 28-step (S2),1
2024-05-24,0.8536585365853658,1.149222493171692,LSTM 28-step (S2),1
2024-05-26,0.5609756097560976,1.1622873544692993,LSTM 28-step (S2),1
2024-05-27,1.351351351351351,1.1740950345993042,LSTM 28-step (S2),1
2024-05-29,0.7045454545454546,1.1761635541915894,LSTM 28-step (S2),1
2024-05-31,1.25,1.1780766248703003,LSTM 28-step (S2),1
2024-06-01,1.0256410256410255,1.1677865982055664,LSTM 28-step (S2),1
2024-06-03,1.0526315789473684,1.1659783124923706,LSTM 28-step (S2),1
2024-06-04,1.3,1.4056954383850098,LSTM 28-step (S2),2
2024-06-06,1.4285714285714286,1.2872204780578613,LSTM 28-step (S2),2
2024-06-07,1.7741935483870968,1.2770599126815796,LSTM 28-step (S2),2
2024-06-09,1.09375,1.2399085760116577,LSTM 28-step (S2),2
2024-06-11,1.6923076923076923,1.2361252307891846,LSTM 28-step (S2),2
2024-06-12,1.1,1.1873831748962402,LSTM 28-step (S2),2
2024-06-14,1.1794871794871795,1.1439878940582275,LSTM 28-step (S2),2
2024-06-16,0.8611111111111112,1.0253877639770508,LSTM 28-step (S2),2
2024-06-17,1.3636363636363635,1.103991985321045,LSTM 28-step (S2),2
2024-06-19,1.3333333333333333,1.1432771682739258,LSTM 28-step (S2),2
2024-06-21,1.394736842105263,1.0576965808868408,LSTM 28-step (S2),2
2024-06-22,1.1515151515151516,0.9340928792953491,LSTM 28-step (S2),2
2024-06-24,0.8918918918918919,1.112652063369751,LSTM 28-step (S2),2
2024-06-25,1.3142857142857145,1.1473318338394165,LSTM 28-step (S2),2
2024-06-27,1.1142857142857143,1.1298085451126099,LSTM 28-step (S2),2
2024-06-29,1.25,1.1629236936569214,LSTM 28-step (S2),2
2024-06-30,0.9117647058823528,1.1252566576004028,LSTM 28-step (S2),2
2024-07-02,1.3095238095238095,1.1825896501541138,LSTM 28-step (S2),2
2024-07-04,1.375,1.1034868955612183,LSTM 28-step (S2),2
2024-07-05,1.0,1.0708438158035278,LSTM 28-step (S2),2
2024-07-07,0.8484848484848485,1.0402284860610962,LSTM 28-step (S2),2
2024-07-09,1.5135135135135136,1.146380066871643,LSTM 28-step (S2),2
2024-07-10,0.902439024390244,1.118313193321228,LSTM 28-step (S2),2
2024-07-12,1.5294117647058822,1.1090657711029053,LSTM 28-step (S2),2
2024-07-14,0.5666666666666667,1.0685092210769653,LSTM 28-step (S2),2
2024-07-15,1.4444444444444444,1.1185439825057983,LSTM 28-step (S2),2
2024-07-17,0.7317073170731707,1.1431306600570679,LSTM 28-step (S2),2
2024-07-19,1.15,1.1581554412841797,LSTM 28-step (S2),2
2024-07-20,1.2727272727272727,1.1951884031295776,LSTM 28-step (S2),2
2024-07-22,1.1794871794871795,1.2422441244125366,LSTM 28-step (S2),2
2024-07-24,1.8333333333333333,1.261383295059204,LSTM 28-step (S2),2
2024-07-25,0.8,1.1946544647216797,LSTM 28-step (S2),2
2024-07-27,1.1515151515151516,1.2168670892715454,LSTM 28-step (S2),2
2024-07-28,0.7222222222222222,1.1970504522323608,LSTM 28-step (S2),2
2024-07-30,1.2702702702702702,1.229216456413269,LSTM 28-step (S2),2
2024-08-01,0.9302325581395348,1.1792794466018677,LSTM 28-step (S2),2
2024-08-02,0.9,1.2022202014923096,LSTM 28-step (S2),2
2024-08-04,0.75,1.200696587562561,LSTM 28-step (S2),2
2024-08-06,1.3636363636363635,1.2211954593658447,LSTM 28-step (S2),2
2024-08-07,1.0526315789473684,1.1929857730865479,LSTM 28-step (S2),2
2024-08-09,0.945945945945946,1.1681426763534546,LSTM 28-step (S2),2
2024-08-11,0.6060606060606061,1.1763683557510376,LSTM 28-step (S2),2
2024-08-12,0.9285714285714286,1.2191399335861206,LSTM 28-step (S2),2
2024-08-14,1.3421052631578947,1.2614974975585938,LSTM 28-step (S2),2
2024-08-15,1.870967741935484,1.166873574256897,LSTM 28-step (S2),3
2024-08-16,1.4,1.1524627208709717,LSTM 28-step (S2),3
2024-08-17,1.3421052631578947,1.128435730934143,LSTM 28-step (S2),3
2024-08-18,1.0,1.0837903022766113,LSTM 28-step (S2),3
2024-08-19,1.1666666666666667,1.093048334121704,LSTM 28-step (S2),3
2024-08-20,1.2894736842105263,1.10191810131073,LSTM 28-step (S2),3
2024-08-21,1.236842105263158,1.1092686653137207,LSTM 28-step (S2),3
2024-08-22,1.0731707317073171,1.1077907085418701,LSTM 28-step (S2),3
2024-08-23,1.2857142857142858,1.1063858270645142,LSTM 28-step (S2),3
2024-08-24,1.1,1.0800236463546753,LSTM 28-step (S2),3
2024-08-25,0.5294117647058824,1.0608872175216675,LSTM 28-step (S2),3
2024-08-26,1.0606060606060606,1.1233974695205688,LSTM 28-step (S2),3
2024-08-27,1.3333333333333333,1.1343172788619995,LSTM 28-step (S2),3
2024-08-28,1.5357142857142858,1.1341382265090942,LSTM 28-step (S2),3
2024-08-29,0.9444444444444444,1.119422197341919,LSTM 28-step (S2),3
2024-08-30,1.0714285714285714,1.1276863813400269,LSTM 28-step (S2),3
2024-08-31,0.972972972972973,1.13961923122406,LSTM 28-step (S2),3
2024-09-01,0.575,1.1236835718154907,LSTM 28-step (S2),3
2024-09-02,1.0,1.1410613059997559,LSTM 28-step (S2),3
2024-09-03,1.53125,1.152256727218628,LSTM 28-step (S2),3
2024-09-04,0.8809523809523809,1.155116319656372,LSTM 28-step (S2),3
2024-09-05,1.3783783783783785,1.159784197807312,LSTM 28-step (S2),3
2024-09-06,0.918918918918919,1.1565946340560913,LSTM 28-step (S2),3
2024-09-07,0.9393939393939394,1.145746111869812,LSTM 28-step (S2),3
2024-09-08,1.027027027027027,1.1320513486862183,LSTM 28-step (S2),3
2024-09-09,1.3333333333333333,1.1426821947097778,LSTM 28-step (S2),3
2024-09-10,1.0975609756097562,1.1501362323760986,LSTM 28-step (S2),3
2024-09-11,1.0217391304347827,1.148707628250122,LSTM 28-step (S2),3
2024-09-12,0.7692307692307693,1.1516718864440918,LSTM 28-step (S2),3
2024-09-13,1.4,1.1547101736068726,LSTM 28-step (S2),3
2024-09-14,1.2413793103448276,1.1463905572891235,LSTM 28-step (S2),3
2024-09-15,0.6875,1.1358685493469238,LSTM 28-step (S2),3
2024-09-16,1.1666666666666667,1.1497842073440552,LSTM 28-step (S2),3
2024-09-17,0.8235294117647058,1.1532005071640015,LSTM 28-step (S2),3
2024-09-18,1.3333333333333333,1.1609371900558472,LSTM 28-step (S2),3
2024-09-19,0.8461538461538461,1.1622663736343384,LSTM 28-step (S2),3
2024-09-20,0.8571428571428571,1.1660261154174805,LSTM 28-step (S2),3
2024-09-21,0.8611111111111112,1.1646937131881714,LSTM 28-step (S2),3
2024-09-22,1.0,1.1544567346572876,LSTM 28-step (S2),3
2024-09-23,1.3243243243243243,1.1686495542526245,LSTM 28-step (S2),3
2024-09-24,1.4285714285714286,1.1652957201004028,LSTM 28-step (S2),3
2024-09-25,1.2285714285714286,1.1669282913208008,LSTM 28-step (S2),3
2024-09-26,0.7894736842105263,1.1665489673614502,LSTM 28-step (S2),3
2024-09-27,1.131578947368421,1.1678093671798706,LSTM 28-step (S2),3
2024-09-28,0.75,1.0994924306869507,LSTM 28-step (S2),4
2024-09-29,0.8157894736842105,1.0928362607955933,LSTM 28-step (S2),4
2024-09-30,1.0731707317073171,1.0982239246368408,LSTM 28-step (S2),4
2024-10-01,1.5588235294117647,1.0965920686721802,LSTM 28-step (S2),4
2024-10-02,0.8461538461538461,1.0960891246795654,LSTM 28-step (S2),4
2024-10-03,0.6857142857142857,1.101068377494812,LSTM 28-step (S2),4
2024-10-04,1.0526315789473684,1.1032540798187256,LSTM 28-step (S2),4
2024-10-05,0.9487179487179488,1.098540186882019,LSTM 28-step (S2),4
2024-10-06,0.6486486486486487,1.0977604389190674,LSTM 28-step (S2),4
2024-10-07,0.9777777777777776,1.0964237451553345,LSTM 28-step (S2),4
2024-10-08,1.261904761904762,1.095371961593628,LSTM 28-step (S2),4
2024-10-09,0.975609756097561,1.100250005722046,LSTM 28-step (S2),4
2024-10-10,1.051282051282051,1.1029847860336304,LSTM 28-step (S2),4
2024-10-11,0.8604651162790697,1.1032634973526,LSTM 28-step (S2),4
2024-10-12,1.09375,1.0987735986709595,LSTM 28-step (S2),4
2024-10-13,0.6341463414634146,1.0988056659698486,LSTM 28-step (S2),4
2024-10-14,1.3529411764705883,1.0958876609802246,LSTM 28-step (S2),4
2024-10-15,0.9428571428571428,1.096907138824463,LSTM 28-step (S2),4
2024-10-16,0.9230769230769232,1.0995757579803467,LSTM 28-step (S2),4
2024-10-17,0.975609756097561,1.1030936241149902,LSTM 28-step (S2),4
2024-10-18,1.1515151515151516,1.1029484272003174,LSTM 28-step (S2),4
2024-10-19,1.1428571428571428,1.1016052961349487,LSTM 28-step (S2),4
2024-10-20,0.5405405405405406,1.0987011194229126,LSTM 28-step (S2),4
2024-10-21,0.8333333333333334,1.0973142385482788,LSTM 28-step (S2),4
2024-10-22,0.975,1.099789023399353,LSTM 28-step (S2),4
2024-10-23,0.8125,1.1005659103393555,LSTM 28-step (S2),4
2024-10-24,0.9736842105263158,1.1032947301864624,LSTM 28-step (S2),4
2024-10-25,1.2571428571428571,1.1036112308502197,LSTM 28-step (S2),4
2024-10-26,1.0,1.1018604040145874,LSTM 28-step (S2),4
2024-10-27,1.0277777777777777,1.101386308670044,LSTM 28-step (S2),4
2024-10-28,1.2352941176470589,1.1013877391815186,LSTM 28-step (S2),4
2024-10-29,1.3157894736842106,1.1007442474365234,LSTM 28-step (S2),4
2024-10-30,1.131578947368421,1.1030473709106445,LSTM 28-step (S2),4
2024-10-31,1.1666666666666667,1.1127574443817139,LSTM 28-step (S2),4
2024-11-01,0.6976744186046512,1.107502818107605,LSTM 28-step (S2),4
2024-11-02,1.2285714285714286,1.104733943939209,LSTM 28-step (S2),4
2024-11-03,0.7027027027027027,1.104156494140625,LSTM 28-step (S2),4
2024-11-04,1.051282051282051,1.097744107246399,LSTM 28-step (S2),4
2024-11-05,1.65,1.0979083776474,LSTM 28-step (S2),4
2024-11-06,1.0731707317073171,1.0919501781463623,LSTM 28-step (S2),4
2024-11-07,1.2894736842105263,1.0884262323379517,LSTM 28-step (S2),4
2024-11-08,1.425,1.086707353591919,LSTM 28-step (S2),4
2024-11-09,1.0857142857142856,1.077147364616394,LSTM 28-step (S2),4
2024-11-10,0.95,1.0713661909103394,LSTM 28-step (S2),4
2024-11-11,1.125,1.034807562828064,LSTM 28-step (S2),5
2024-11-12,0.9285714285714286,1.051821231842041,LSTM 28-step (S2),5
2024-11-13,1.5,1.0641157627105713,LSTM 28-step (S2),5
2024-11-14,1.2352941176470589,1.0531102418899536,LSTM 28-step (S2),5
2024-11-15,1.15,1.0480960607528687,LSTM 28-step (S2),5
2024-11-16,0.896551724137931,1.0229580402374268,LSTM 28-step (S2),5
2024-11-17,0.6666666666666666,0.9871817827224731,LSTM 28-step (S2),5
2024-11-18,1.0,1.0469012260437012,LSTM 28-step (S2),5
2024-11-19,1.3714285714285714,1.0729315280914307,LSTM 28-step (S2),5
2024-11-20,1.5,1.0723984241485596,LSTM 28-step (S2),5
2024-11-21,1.1470588235294117,1.0593613386154175,LSTM 28-step (S2),5
2024-11-22,1.1142857142857143,1.0438458919525146,LSTM 28-step (S2),5
2024-11-23,0.8857142857142857,1.0141315460205078,LSTM 28-step (S2),5
2024-11-24,0.8857142857142857,0.994640588760376,LSTM 28-step (S2),5
2024-11-25,1.2571428571428571,1.044503092765808,LSTM 28-step (S2),5
2024-11-26,1.2222222222222223,1.0674785375595093,LSTM 28-step (S2),5
2024-11-27,1.2777777777777777,1.062741756439209,LSTM 28-step (S2),5
2024-11-28,1.0930232558139534,1.0568819046020508,LSTM 28-step (S2),5
2024-11-29,1.2777777777777777,1.0346636772155762,LSTM 28-step (S2),5
2024-11-30,0.6578947368421053,1.0266878604888916,LSTM 28-step (S2),5
2024-12-01,0.7714285714285715,1.0190428495407104,LSTM 28-step (S2),5
2024-12-02,0.9714285714285714,1.0545289516448975,LSTM 28-step (S2),5
2024-12-03,1.59375,1.0808180570602417,LSTM 28-step (S2),5
2024-12-04,1.53125,1.0667214393615723,LSTM 28-step (S2),5
2024-12-05,1.121212121212121,1.0549064874649048,LSTM 28-step (S2),5
2024-12-06,1.105263157894737,1.0496577024459839,LSTM 28-step (S2),5
2024-12-07,0.925,1.020160436630249,LSTM 28-step (S2),5
2024-12-08,0.9032258064516128,0.9980744123458862,LSTM 28-step (S2),5
2024-12-09,0.9714285714285714,1.040269374847412,LSTM 28-step (S2),5
2024-12-10,1.818181818181818,1.0641685724258423,LSTM 28-step (S2),5
2024-12-11,1.0,1.0585083961486816,LSTM 28-step (S2),5
2024-12-12,0.925,1.0579639673233032,LSTM 28-step (S2),5
2024-12-13,1.2777777777777777,1.0533690452575684,LSTM 28-step (S2),5
2024-12-14,0.7837837837837838,1.033675193786621,LSTM 28-step (S2),5
2024-12-15,0.5714285714285714,1.0082951784133911,LSTM 28-step (S2),5
2024-12-16,0.6842105263157895,1.0470777750015259,LSTM 28-step (S2),5
2024-12-17,1.457142857142857,1.0674102306365967,LSTM 28-step (S2),5
2024-12-18,0.8421052631578947,1.0832732915878296,LSTM 28-step (S2),5
2024-12-19,1.411764705882353,1.0848180055618286,LSTM 28-step (S2),5
2024-12-20,0.8947368421052632,1.0688271522521973,LSTM 28-step (S2),5
2024-12-21,0.8205128205128205,1.0466078519821167,LSTM 28-step (S2),5
2024-12-22,1.1515151515151516,1.022762417793274,LSTM 28-step (S2),5
2024-12-23,1.0789473684210529,1.0584548711776733,LSTM 28-step (S2),5
2024-12-24,1.4054054054054057,1.0622225999832153,LSTM 28-step (S2),5
